Company Name,Clients,Desired output
Carejourney,Partner Program | Become a Partner,
medanalytics,Client Success,
Venn BioSciences Corp.,Join Our Mission,
Axxess Home Health,Industry Partners | Association Partners,
Virgin Pulse,Partner Ecosystem,
PointClickCare Home Health Care Platform,Partner Exchange | Pharmacy and Diagnostics,Pharmacy and Diagnostics
"Shields Health Solutions Holdings, LLC",Our Partners,
"Hospital IQ, Inc.",Partner | Partnerships,
"zennya, Inc.",Insurance Providers | Hospitals | Laboratories | Hotels,Insurance Providers | Hospitals | Laboratories | Hotels
"Ovuline, Inc.",Channel Partners,
"Healthgrades Operating Company, Inc.",Promote Your Practice,
4G Clinical LLC,Partnerships,
"LifeQ, Inc.",Partnership,
csilaboratories,Email Client Service,
SilverCloud Health Inc.,500+ | Our Customers | Become a Partner,
Xsolis LLC,Client Success Stories,
"Helix OpCo, LLC.",Our Partners,
ClinicaHealth Inc.,Client Solutions | Insights | Recruit | Promote | Reach engaged patients | Get meaningful insights | Advance clinical trials | Measure market potential,
"Women's Health USA, Inc.",Growth Partnerships,
"NexHealth, Inc.",Become a Partner,
"Symphony Performance Health, Inc.",Who We Serve | Health Plans & PBMs | Medical Groups & Practices | Hospitals & Health Systems | ACOs | ASCs | Clients,Medical Systems | Hospitals and Health systems
"Nutcracker Therapeutics, Inc",Partnering | Start Here,
"Relatient, Inc.",Our Partners,Partners
"XIFIN, Inc.",Partners & Affiliations,Partners
"OM1, Inc.",Partner Analytics,Partners
"Advanced Monitored Caregiving, Inc.",Who We Serve | For Payers | For Providers | For Payviders | For Employers | For Government | For Partners,Employers | Government
Ciitizen Corporation,Our Partners | Ciitizen Partners with STXBP1 Foundation to Accelerate Patient Outcomes,Partners
"eQHealth Solutions, LLC",Our Clients,Clients
"Greenphire, Inc.",Who We Serve | Client Experience | Experience Overview,Clients
"TeleTracking Technologies, Inc.",Client Success,Clients
"Medly Health, Inc.",Where we deliver | Where we Serve,
Maven Clinic Co.,Client Stories,Clients
"Olive AI, Inc.",Developers,
"Doximity, Inc.",Partner Overview,Partners
"Digital Therapeutics, Inc.",Employers | Individuals | Providers | Health Plans | For Employers | For Individuals | employers | HEALTH PLANS & PBMs,Employers
"VisiQuate, Inc",VisiQuate Expands Partnership with Etyon Health,
"Uniper Care, Inc.",For Partners | Partner with Us | Payers MCOs | Veteran's Affairs | Agencies on Aging | Community Based Orgs. | The Uniper Platform,Payers MCOs | Veterans | Agencies on Aging | Community Based Orgs. | The Uniper Platform
"DrChrono, Inc.",Become a Partner | Apple Mobility Program | App Marketplace,
Surgical Notes Inc.,The Note Pad Client Community,
"RxRevu, Inc.",Additional Partners | Arrive Health Receives Cerner Partner of the Year,
"Soladoc, LLC",Become a Partner | Partner Ecosystem,
"Wheel Health, Inc.",Partnership,
"Simione Healthcare Consultants, LLC.",Markets Served,
"OODA Health, Inc.",Client Impact | Read our Client Success Stories,
"Science 37, Inc.",Partnerships,
Dyno Therapeutics Inc.,Partnering & Licensing,
"MERIT CRO, Inc.",Our Partners | CRO Partnerships | Sponsor Partnerships,
"Caresyntax, Inc.",Who We Serve | Hospitals & Surgery Centers | Surgeons | Insurers & Risk Managers,"Hospitals & Surgery Centers,Surgeons,Insurers & Risk Managers"
"K4Connect, Inc.",Who We Serve | Residents | Staff | Family & Friends | Operators | Integrations & Partners | Resident Engagement | Integrated Communications | Smart Home | Team Productivity | Community Services | K4Labs,K4Labs
"Medable, Inc.",Partner Network,
uLab Systems Inc.,uLab Partners,
"WellTok, Inc.",Partner Ecosystem,
"1upHealth, Inc.",Use Cases | Payers | Providers | Developers | WHO WE SERVE,
"eBlu Solutions, Inc.",Who We Serve | Specialty Healthcare Providers | Pharmaceutical Manufacturers | Payers,"Specialty Healthcare Providers,Pharmaceutical Manufacturers,Payers"
"Zealth, Inc.",How we partnerBuilding a foundation for long-term success | How we partner,
"Rightway Healthcare, Inc.",Partnership program,
"Alignment Healthcare USA, LLC",Our Offerings | Brokers | Institutional Partners | Providers,"Brokers,Institutional Partners,Providers"
"Bardavon Health Innovations, LLC",Partnerships | Therapy Providers | Employers | Carriers and TPAs | Adjusters and Nurse Case Managers | Physicians | Injured Workers | Clients | Im a Therapy Provider | Im an Employer | Im a Carrier / TPA | Im an Adjuster / NCM | Im a Physician | Im an Injured Worker,
Evidation Health Inc.,For Partners,
"Digbi Health, LLC",Partner | Employers & Payers,
"Happify, Inc.",Who We Serve,
"Viz.ai, Inc.",PartnershipsHow we work with device and pharma | Partnerships,
"Millennia Patient Services, LLC",Who We Serve | Physician Offices and Medical Groups | Hospitals and Health Systems | Ambulatory Surgical and Emergency Centers | Post Acute Care,"Physician Offices and Medical Groups,Hospitals and Health Systems,Ambulatory Surgical and Emergency Centers,Post Acute Care"
"Cedar Cares, Inc.",Client Impact | Read our Client Success Stories,
"L7 Informatics, Inc.",L7 CUSTOMERS | Therapeutics | Medicine | Diagnostics | Research | Agriculture | PARTNERING WITH L7 | Partnering with L7 | Partnership types | Become a L7 partner | STRATEGIC + IMPLEMENTATION | TECHNOLOGY | OEM + RESELLER | Become a Partner,
"Bio-Optronics, Inc.",Advarra Partner Network,
"Bizmatics, Inc.",Our Partners,
"Discovery Health Partners, LLC",Payor Portal Log In,
"Eden Health, Inc.",Eden Health Launches Virtual Pediatric Services Through MyTelemedicine Partnership | Eden Health Brings Premium Healthcare to Boston,
"Seer, Inc.",PartnersView our partnerships,
"Casenet, LLC",The Casenet Client Experience,
"Kyruus, Inc.",Our Technology Partners,
Lightbeam Health Solutions LLC,Partnering with Lightbeam,
"Quantros, Inc.",Who We Serve | Client Success,
Updox LLC,Who We Serve | Physicians | Pharmacists | Health Systems | LTPAC | Our Partners,
VaxCare Corp.,Partner Stories,
"Altruista Health, Inc.",Who We Serve | Commercial Health Insurers & Health Plans | Government-funded Insurers & Health Plans | Provider Organizations | Behavioral Health Organizations | Our Partners,"Commercial Health Insurers & Health Plans,Government-funded Insurers & Health Plans,Provider Organizations,Behavioral Health Organizations"
"Aspen Health, Inc.",Strategic Partners | Clients,
ChromaCode Inc.,Partnership Opportunities | Partnering,
"Clinical Ink, Inc.",Clinical ink Relaunches Industry-Leading Partner Program,
"Verata Analytics, LLC",Developers,
"Andor Health, LLC",Partners / Customers,
"DataLink Software, LLC",Payers | Providers | Managed Service Organizations | Fully-Insured / Self-Funded Plans | Healthcare Providers,"Managed Service Organizations,Fully-Insured / Self-Funded Plans,Healthcare Providers"
"Well Health, Inc.",Partners & Integrations,
"Healthcare Systems & Technologies, LLC",Partners & Integrations | Client Support,
"Intelligent Medical Objects, Inc.",Partnerships | Who We Serve,
"Transparently, LLC",Our Partnerships,
careporthealth,ACOs Provide high-quality coordinated care and reduce healthcare costs | Physician Groups Coordinate with home and community-based organizations | Partnerships Address challenges and improve outcomes for your organization | Hospitals & Health Systems | ACOs & Physician Groups | Payers & Health Plans | Post-Acute Providers | ACOs and Physician Groups | Hospitals and Health Systems | Payers and Health Plans | Epic Clients | Cerner Clients | Partnerships,"Hospitals & Health Systems,ACOs & Physician Groups,Payers & Health Plans,Post-Acute Providers,ACOs and Physician Groups,Hospitals and Health Systems,Payers and Health Plans ,Epic Clients,Cerner Clients"
"MedeAnalytics, Inc.",Client Success,
Annkissam LLC,Client Management and Workflow,
NexTech Systems LLC,Client Support | Connected Solutions,
"Edifecs, Inc.",XEngine Server | XEngine Server FHIR,
"TigerConnect, Inc.",Integration Partners | Client Success,
"NeuMoDx Molecular, Inc.",Partnerships,
Medigate Tech Ltd.,Technology Partners | Channel Partners,
"Diameter Health, Inc.",PayersDeploy clinical data across the enterprise | Life InsuranceReduce risk and improve customer experience | Health Information ExchangesDevelop sustainable business models | GovernmentAdvance public health and enable better care | PartnersAccelerate time to value | Payers | Health Information Exchanges | Government | Life Insurance,"Payers,Health Information Exchanges,Government,Life Insurance"
"PatientPop, Inc.",Specialties,
"Credible Behavioral Health, Inc.",Partnership | Partnership Approach | Credible Cares | Partner Conference,
Qualifacts Systems Inc.,Markets We Serve | Behavioral Health | Mental Health | Certified Community Behavioral Health Clinics (CCBHC) | Health and Human Services | Children and Family Services | Inpatient and Residential | Rehabilitative (PT/OT/SLP) | Substance Use Disorder Treatment | Intellectual & Developmental Disabilities and Autism Spectrum Disorders | Client Outcomes | Client Engagement,
PharmD Live LLC,Who We Serve | Physicians | ACO/IDN | Payors | Hospitals/Health Systems | Pharmaceutical Companies | Post-Acute Care,"Physicians,ACO/IDN,Payors,Hospitals/Health Systems,Pharmaceutical Companies,Post-Acute Care"
"Health Fidelity, Inc.",Partnerships,
"Xealth, Inc.",Clients & Stories | Remote Patient Monitoring | Value-Based Care | Patient Communication & Care Gaps | Digital Therapeutics & PDTs | Virtual Care Enablement | Partner Community,
"Immersive Tech, Inc.",Request Access,
"Audacious Inquiry, LLC",Partnerships | Who We Serve | HIEs | FEDERAL GOVERNMENT | STATE GOVERNMENTS | HEALTH INSURERS | ACOs | PROVIDERS | HOSPITAL ASSOCIATIONS | Health Information Exchange | Federal Government | State Goverments / Medicaid | Health Insurers | Accountable Care Organizations | Providers | Hospital Associations,"HIEs,HEALTH INSURERS,ACOs,PROVIDERS ,HOSPITAL ASSOCIATIONS,Health Information Exchange,Federal Government,State Goverments,Medicaid | Health Insurers,Accountable Care Organizations,Hospital Associations"
"Health Billing Systems, Inc.",HBS Physician Clients,
Abacus Insights Inc,Payers | Provider Organizations | Payer Delegated Entities,"Payers,Provider Organizations,Payer Delegated Entities"
macrohealth,Who We Serve | Payers | Provider Networks | Other Partners,"Payers,Provider Networks,Other Partners"
"Level Ex, Inc.",Partner With Us | Pharma & Biotech | All Solutions | Medical Device,
"Medstreaming, Inc.",Who We Serve,
"Raintree Systems, Inc.",Innovative Partnerships,
"Wildflower Health, Inc.",Clients | Providers | Commercial Payers | Medicaid,"Providers,Commercial Payers,Medicaid"
"ZeOmega, Inc.",Who We Serve | Client Success | Jiva Implementation Services | MEDICAID MANAGED CARE PLANS | MEDICARE ADVANTAGE PLANS | HEALTH SYSTEMS | ACOs | Who we Serve | Jiva Implementation Service,Jiva Implementation Services
AiCure LLC,Partnerships,
"Surgical Theater, Inc.",See our partners,
assistrx,Who we serve | Life Science Companies | Healthcare Providers | Specialty Pharmacies,"Life Science Companies,Healthcare Providers,Specialty Pharmacies"
ImageTrend Inc.,Client Education,
"Evive Health, LLC",Who We Serve | Employers | Channel | Brokers + Consultants | Optimize workplace well-being | Personalize your approach | Streamline your strategy | Consultants + Brokers,"Employers,Channel,Brokers + Consultants"
"BioMedix, Inc.",PARTNERS Program,
"ChartSpan Medical Technologies, Inc.",MARKETPLACE,
hc1 Inc.,Diagnostic LaboratoriesReduce costs and grow | Health Systems and IDNsDeliver personalized care | Solutions | Client Resources | hc1 Announces Support for AWS for Health Initiative | Diagnostic Laboratories | Health Systems and IDNs | Health Plans,
"Careview Communications, Inc.",Who We Serve,
"MacPractice, Inc.",Alliance Partners,
"RubiconMD, Inc.",Why RubiconMD | See what sets us apart,
Clarivate,Cortellis Partner Program | ScholarOne Partner Program,
"IntelyCare, Inc.",Facilities We Serve,
Connexient LLC,Global Partner Program,
intelligentinsites,Strategy | Channel Partners | Alliance Partners | Product Partners | Partner Resources,
eClinical Solutions LLC,Clients | For Data Management | For Clinical Operations | For Medical Monitoring | For R&D IT | For Clinical Programming | Client Stories | Data Management | Clinical Operations | Medical Monitoring | R&D IT | Clinical Programming | See all | Bristol Myers Squibb | Cerevel | See All | eClinical Partners | View client,
Medsphere Systems Corporation,Who We Serve | Urgent Care | RCM Billing Services | Laboratory RCM Services | Hospital / Inpatient | Critical Access Hospital | Acute Care Hospitals | Behavioral Health | Government | Urgent Care Centers | Physician Practice | Orthopedic / Sports Med | Surgical Specialties | Non-surgical Specialties | Laboratories | Molecular Labs | Pathology Labs | Hospital Labs | Inpatient / Hospital | Behavioral Health & Psychiatric Hospital EHR | Government Services | Physician Practices,"RCM Billing Services,Laboratory RCM Services,Critical Access Hospital,Acute Care Hospitals,Behavioral Health,Government | Urgent Care Centers,Physician Practice,Orthopedic / Sports Med,Surgical Specialties,Non-surgical Specialties,Laboratories,Molecular Labs,Pathology Labs,Hospital Labs,Inpatient / Hospital,Behavioral Health & Psychiatric Hospital EHR,Government Services, Physician Practices"
Tonic Solutions Inc.,Learn how,
DocASAP Inc.,Clients | See Our Clients' Successes,
"Luma Health, Inc.",Who we serve,
"Titanium Healthcare, LLC",Partners & Insurance,
"NimbleRx, Inc.",Pharmacies,Pharmacies
Wellframe Inc.,Customer Partnership,
Well Sky,Preferred Partners | Trusted Partners,
"Lively, Inc.",For Partners,
"Integrated Practice Solutions, Inc",Integrated Partner Services,
"WebPT, Inc.",Partnerships,
Advarra,Advarra Partner Network,
"Health Catalyst, Inc.",Our Clients,
Laerdal,Our Partners,
"Planet DDS, Inc.",I'm a Client | Read Success Story | Refer A Client | Client Stories | Additional Resources,
"OpenTempo, Inc.",Integrated Solutions | Who We Serve > | Become a Partner | Who We Serve | Partner Program,
"Solutionreach, Inc.",Partnerships & Integrations (9) | Association Partners,
"Verinovum, Inc.",For Partners,
"Experity, Inc.",Transparency in Coverage Rule,
"MobileHelp, LLC",Business Partners,
"Lighthouse Practice Management Group, Inc.",Partner Programs,
"Retriever Medical / Dental Payments, Inc.",Verticals | Dental | Dental Practices | Dental Service Organizations (DSO) | Orthodontics | Medical | Medical Practices | Hospitals | Specialty | Ophthalmology | Orthopedics | Radiology | Reproductive Medicine | Veterinary | Administrative | Insurance | Billing | Partnership Types | Distribution Partners | Referral Partners | Partnerships,"Verticals,Dental,Dental Practices,Dental Service Organizations (DSO),Orthodontics,Medical,Medical Practices,Hospitals,Specialty,Ophthalmology,Orthopedics,Radiology,Reproductive Medicine,Veterinary,Administrative,Insurance,Distribution Partners,Referral Partners"
"Pulse8, Inc",Clinical Data Registries | Network Partners,
Virgin Pulse,Partner Ecosystem,
Force Therapeutics LLC,Who We Serve,
"MEDHOST, Inc.",Physicians | Nurses | Emergency Departments | Patients/Caregivers | Executives | IT Staff | Financial Staff | Healthcare Administrators | Clinicians | Markets We Serve,"Physicians,Nurses,Emergency Departments,Patients/Caregivers,Executives,IT Staff,Financial Staff,Healthcare Administrators,Clinicians"
Hooper Holmes Inc.,Partnerships,
"AdvancedMD, Inc.",Partner Marketplace,
"Validic, Inc.",Connect API Documentation | Request to Become a Client,
Uprisehealth,Who We Serve,
OptimizeRx Corporation,Healthcare Partners | API Documentation & Dev resources | Access documentation | Address Rx Affordability and SDoH through Provider-Pharma Partnerships,Pharma collaborations
"Technology Partners, LLC",Partner Portal | Client Support,
"GetWellNetwork, Inc.",Partnerships,Healthcare 
"CentralReach, LLC",Clinical,clinical data collection
"Practice Fusion, Inc.",For partners,
Office Practicum,Client Results,
"HY Holdings, Inc.",Partner Portal,
"Cue Biopharma, Inc.",Partnering | Oncology | Infectious and Autoimmune Diseases,pharmacy
"Rx Savings, LLC",Clients,
Medicat LLC,Partner Ecosystem,
Work Partners,Industries we serve,
capsahealthcare,Partner Portal,"pharmacy,medical automation"
Valenz Health,Vlenz Promotes Kaylee Davis to Client Services Executive,health care
Waystar,Clients + partners | Physician + specialty practices | Ambulatory Surgery Centers | Billing services | Clinical laboratories | Durable medical equipment | FQHC | Home health | Hospice care | Skilled nursing | Health systems + hospitals | Childrens hospitals | Client toolkit | COVID resources | Data analytics | Hubble | Claim workflows | Prior auths | Managing denials | Valued partners | Become a Partner,medical automation
Mozzaz Corporation,Mozzaz Expands Rapid EHR Interoperability with Smartlink Health Partnership,digital health
"Talyst, LLC.",Valued Partners,
Cotiviti,Client Center,
"PAR Excellence Systems, Inc.",PARTNERING WITH PAR | Partnering with PAR,
Relias,+Partnerships | +Partners | Partnerships,
Surgical Information Systems,Client Stories | SIS Central | Read the Story,
Hybrent Inc.,Priority and Procurement Partners Announce Strategic Partnership | Hybrent Combines with Serent-Backed Procurement Partners,health care supplychain
MedNet Solutions Inc,CRO PARTNERS,clinical trails
Evolent Health,Evolent Care Partners,
vibrenthealth,Who We Serve,
"ChartLogic, Inc",Who We Serve | By Role | Clinician | Office Manager | Billing Specialist | IT/IS Admin | By Specialty | Orthopedic / Sports Med | Surgical Specialties | Non-surgical Specialties | Audiences | Orthopedic Surgery | Pain Management | ENT/Otolaryngology | Podiatry | Partnerships,"By role: Clinician,Office Manager,Billing Specialist,IT/IS Admin
By Specialty: Orthopedic / Sports Med,Surgical Specialties,Non-surgical Specialties,Audiences,Orthopedic Surgery,ain Management,ENT/Otolaryngology,Podiatry,Partnerships"
M2S Inc.,Healthcare Providers | Device Manufacturers | Medical Societies | FOR HEALTHCARE PROVIDERS | FOR DEVICE MANUFACTURERS | FOR MEDICAL SOCIETIES,"Healthcare Providers,Device Manufacturers,Medical Societies,FOR HEALTHCARE PROVIDERS,FOR DEVICE MANUFACTURERS,FOR MEDICAL SOCIETIES"
"CenTrak, Inc.",Partnerships,
Zelis,Partnerships,
Clario,Strategic Partnerships,
"Picis, Inc.",Partner with Us,
Medsphere,Who We Serve | Urgent Care | RCM Billing Services | Laboratory RCM Services | Hospital / Inpatient | Critical Access Hospital | Acute Care Hospitals | Behavioral Health | Government | Urgent Care Centers | Physician Practice | Orthopedic / Sports Med | Surgical Specialties | Non-surgical Specialties | Laboratories | Molecular Labs | Pathology Labs | Hospital Labs | Inpatient / Hospital | Behavioral Health & Psychiatric Hospital EHR | Government Services | Physician Practices, IT solutions for healthcare
"Data Innovations, LLC",Business Partners,
LexisNexis,Firco Compliance Link | Corporate Service Partnerships | Healthcare Partnerships | Insurance Partnerships,health data analytics
Complia Health LLC,Software | Home Healthcare | Home Care | Hospice | Pediatrics | Healthcare Staffing,healthcare
Greenway Health,Award-Winning Clients,
"Rally Health, Inc.",Partnership,
Homecare Homebase LLC,Who We Serve,
"OmniSYS, LLC.",Supplier Partners,
"Fastrack Healthcare Systems, Inc.",Client Surveys | Clients,
"Ingenuity Systems, Inc.",Partner Program | QIAGEN CLC Genomics Server | CLC Server Command Line Tools,biotechnology products
Enovate Medical LLC,Partner Portal | Portal,
"NotifyMD, Inc.",Whom We Serve | Multi-Specialty Medical Groups | Physician practices of all sizes | Dental Practices | Ambulatory Urgent Care | Clinics and Ancillary Providers | Accountable Care Organizations,Multi-Specialty Medical Groups | Physician practices of all sizes | Dental Practices | Ambulatory Urgent Care | Clinics and Ancillary Providers | Accountable Care Organizations
"Planet Networks, Inc.",Legacy Mail Servers | Technology Partners,
lynxmed,Revenue Cycle End-to-End Outsourcing,
goldstandard,Strategic Partners,
"TVR Communications, LLC",Building Information,
"NextServices, Inc.",Become a Partner,
"ABI Document Support Services, Inc.",Insurance | Custodians,
ABILITY Network Inc,Strategic Partner Program | Clearinghouses | Revenue Cycle Management Vendors | Software Vendors,
"Accreon, Inc.",AWS | Looker | Microsoft Azure | NVIDIA | SAP | Snowflake | TensorFlow,
Avantas LLC,Client Stories,
"ClearDATA Networks, Inc.",Partner Portal,
"Doceree, Inc.",PartnerToolbox | Request Access | Partner Toolbox,
"eHealth Global Technologies, Inc",Partnerships,
"Garry L. Huff, MD, Inc.",Enjoin Partners with KLAS First Look for CDI Services,
"Syslnformation Healthcare Services, LLC",Partner Services | RCM SERVICE PROVIDERS | HEALTHCARE VENTURE PARTNERS | RCM Service Providers | Healthcare Partners,
"First Databank, Inc.",FDB and Parker Health EHR Partnership Enhances eRx Platform,
"Health Wealth Safe, Inc.",Become a Partner,
"Homecare Software Solutions, LLC",Partner Connect,
Higi SH LLC,Connect with Higi | I'm a Higi partner or want to become one,
"iMedX, Inc.",Client Concierge,
"InfoMC, Inc.",Who We Serve | Doctors HealthCare Plans | View Customer Story,
"MediSked, LLC",Health & Human Services Clients,Health and Human service clients
"Metabolon, Inc.",Strategic Partnering | See All Stories | VIEW CLIENT STORY | VIEW COLLABORATION STORY,
"Omada Health, Inc.",Employers | Health Plans | Benefit Consultants | Omada for Benefit Consultants Effective programs that organizations trust | Omada for Employers Innovative programs employees stick with,
Penrod LLC,Our Partners,
Proscia Inc.,Partnerships,
"Quadax, Inc.",Partner With Quadax | Partner,
"Sandata Technologies, LLC",Reimagine Healthcare,
"SimplePractice, LLC",Become a Partner,
"WorldDoc, Inc.",Buy this domain,
"Syapse, Inc.","Read | ""Medidata, Syapse partner to enhance oncology clinical trials"" | ""Syapse, Roche partner to further cancer-focused precision medicine""",
echobh,Who We Serve | I/DD | Mental Health | Drug & Alcohol | Foster Care | Family Services | Residential | Client Engagement,Mental Health | Drug & Alcohol | Foster Care | Family Services | Residential | Client Engagement
"Trend Health Partners, Inc.",Trend Health Partners | Payment Integrity Solutions | Payment Accuracy Services | Credit Balance Recovery | Refund Request Collections | Revenue Cycle Solutions | Credit Balance Resolution | Refund Correspondence Management | Self-reported Refunds,
"Ventech Solutions, Inc.",Partnerships,
VerityStream Inc.,Client Experience | Training | Implementation | Thrive Community | Consulting | Who We Serve | Health Systems & Health Plans | Ambulatory Surgical Centers | Dental Offices and Groups | Federally Qualified Health Centers | Home Health Care and Hospice | Medical Groups | Physical Therapy Clinics | Primary & Specialty Care Practices | Radiology and Imaging Care | Retail Health Clinics | Revenue Cycle Management | Senior & Long-Term Care | Skilled Nursing Facilities | Urgent Care Clinics,Health Systems & Health Plans | Ambulatory Surgical Centers | Dental Offices and Groups | Federally Qualified Health Centers | Home Health Care and Hospice | Medical Groups | Physical Therapy Clinics | Primary & Specialty Care Practices | Radiology and Imaging Care | Retail Health Clinics | Revenue Cycle Management | Senior & Long-Term Care | Skilled Nursing Facilities | Urgent Care Clinics
vbasoftware,Client Resource Center | WHO WE SERVE | WHAT OUR CLIENTS SAY | CLIENT RESOURCES,
"Virtual OfficeWare, LLC",Who We Serve,
"Aetas Company, LLC",Our Partnerships,
"Yosi, Inc.",Our Partners,